"青沥备开","2026斥04岿_拌_醚牢备荐","2026斥04岿_拌_楷飞备埃牢备荐","2026斥04岿_拌_0技","2026斥04岿_拌_1技","2026斥04岿_拌_2技","2026斥04岿_拌_3技","2026斥04岿_拌_4技","2026斥04岿_拌_5技","2026斥04岿_拌_6技","2026斥04岿_拌_7技","2026斥04岿_拌_8技","2026斥04岿_拌_9技","2026斥04岿_拌_10技","2026斥04岿_拌_11技","2026斥04岿_拌_12技","2026斥04岿_拌_13技","2026斥04岿_拌_14技","2026斥04岿_拌_15技","2026斥04岿_拌_16技","2026斥04岿_拌_17技","2026斥04岿_拌_18技","2026斥04岿_拌_19技","2026斥04岿_拌_20技","2026斥04岿_拌_21技","2026斥04岿_拌_22技","2026斥04岿_拌_23技","2026斥04岿_拌_24技","2026斥04岿_拌_25技","2026斥04岿_拌_26技","2026斥04岿_拌_27技","2026斥04岿_拌_28技","2026斥04岿_拌_29技","2026斥04岿_拌_30技","2026斥04岿_拌_31技","2026斥04岿_拌_32技","2026斥04岿_拌_33技","2026斥04岿_拌_34技","2026斥04岿_拌_35技","2026斥04岿_拌_36技","2026斥04岿_拌_37技","2026斥04岿_拌_38技","2026斥04岿_拌_39技","2026斥04岿_拌_40技","2026斥04岿_拌_41技","2026斥04岿_拌_42技","2026斥04岿_拌_43技","2026斥04岿_拌_44技","2026斥04岿_拌_45技","2026斥04岿_拌_46技","2026斥04岿_拌_47技","2026斥04岿_拌_48技","2026斥04岿_拌_49技","2026斥04岿_拌_50技","2026斥04岿_拌_51技","2026斥04岿_拌_52技","2026斥04岿_拌_53技","2026斥04岿_拌_54技","2026斥04岿_拌_55技","2026斥04岿_拌_56技","2026斥04岿_拌_57技","2026斥04岿_拌_58技","2026斥04岿_拌_59技","2026斥04岿_拌_60技","2026斥04岿_拌_61技","2026斥04岿_拌_62技","2026斥04岿_拌_63技","2026斥04岿_拌_64技","2026斥04岿_拌_65技","2026斥04岿_拌_66技","2026斥04岿_拌_67技","2026斥04岿_拌_68技","2026斥04岿_拌_69技","2026斥04岿_拌_70技","2026斥04岿_拌_71技","2026斥04岿_拌_72技","2026斥04岿_拌_73技","2026斥04岿_拌_74技","2026斥04岿_拌_75技","2026斥04岿_拌_76技","2026斥04岿_拌_77技","2026斥04岿_拌_78技","2026斥04岿_拌_79技","2026斥04岿_拌_80技","2026斥04岿_拌_81技","2026斥04岿_拌_82技","2026斥04岿_拌_83技","2026斥04岿_拌_84技","2026斥04岿_拌_85技","2026斥04岿_拌_86技","2026斥04岿_拌_87技","2026斥04岿_拌_88技","2026斥04岿_拌_89技","2026斥04岿_拌_90技","2026斥04岿_拌_91技","2026斥04岿_拌_92技","2026斥04岿_拌_93技","2026斥04岿_拌_94技","2026斥04岿_拌_95技","2026斥04岿_拌_96技","2026斥04岿_拌_97技","2026斥04岿_拌_98技","2026斥04岿_拌_99技","2026斥04岿_拌_100技 捞惑","2026斥04岿_巢_醚牢备荐","2026斥04岿_巢_楷飞备埃牢备荐","2026斥04岿_巢_0技","2026斥04岿_巢_1技","2026斥04岿_巢_2技","2026斥04岿_巢_3技","2026斥04岿_巢_4技","2026斥04岿_巢_5技","2026斥04岿_巢_6技","2026斥04岿_巢_7技","2026斥04岿_巢_8技","2026斥04岿_巢_9技","2026斥04岿_巢_10技","2026斥04岿_巢_11技","2026斥04岿_巢_12技","2026斥04岿_巢_13技","2026斥04岿_巢_14技","2026斥04岿_巢_15技","2026斥04岿_巢_16技","2026斥04岿_巢_17技","2026斥04岿_巢_18技","2026斥04岿_巢_19技","2026斥04岿_巢_20技","2026斥04岿_巢_21技","2026斥04岿_巢_22技","2026斥04岿_巢_23技","2026斥04岿_巢_24技","2026斥04岿_巢_25技","2026斥04岿_巢_26技","2026斥04岿_巢_27技","2026斥04岿_巢_28技","2026斥04岿_巢_29技","2026斥04岿_巢_30技","2026斥04岿_巢_31技","2026斥04岿_巢_32技","2026斥04岿_巢_33技","2026斥04岿_巢_34技","2026斥04岿_巢_35技","2026斥04岿_巢_36技","2026斥04岿_巢_37技","2026斥04岿_巢_38技","2026斥04岿_巢_39技","2026斥04岿_巢_40技","2026斥04岿_巢_41技","2026斥04岿_巢_42技","2026斥04岿_巢_43技","2026斥04岿_巢_44技","2026斥04岿_巢_45技","2026斥04岿_巢_46技","2026斥04岿_巢_47技","2026斥04岿_巢_48技","2026斥04岿_巢_49技","2026斥04岿_巢_50技","2026斥04岿_巢_51技","2026斥04岿_巢_52技","2026斥04岿_巢_53技","2026斥04岿_巢_54技","2026斥04岿_巢_55技","2026斥04岿_巢_56技","2026斥04岿_巢_57技","2026斥04岿_巢_58技","2026斥04岿_巢_59技","2026斥04岿_巢_60技","2026斥04岿_巢_61技","2026斥04岿_巢_62技","2026斥04岿_巢_63技","2026斥04岿_巢_64技","2026斥04岿_巢_65技","2026斥04岿_巢_66技","2026斥04岿_巢_67技","2026斥04岿_巢_68技","2026斥04岿_巢_69技","2026斥04岿_巢_70技","2026斥04岿_巢_71技","2026斥04岿_巢_72技","2026斥04岿_巢_73技","2026斥04岿_巢_74技","2026斥04岿_巢_75技","2026斥04岿_巢_76技","2026斥04岿_巢_77技","2026斥04岿_巢_78技","2026斥04岿_巢_79技","2026斥04岿_巢_80技","2026斥04岿_巢_81技","2026斥04岿_巢_82技","2026斥04岿_巢_83技","2026斥04岿_巢_84技","2026斥04岿_巢_85技","2026斥04岿_巢_86技","2026斥04岿_巢_87技","2026斥04岿_巢_88技","2026斥04岿_巢_89技","2026斥04岿_巢_90技","2026斥04岿_巢_91技","2026斥04岿_巢_92技","2026斥04岿_巢_93技","2026斥04岿_巢_94技","2026斥04岿_巢_95技","2026斥04岿_巢_96技","2026斥04岿_巢_97技","2026斥04岿_巢_98技","2026斥04岿_巢_99技","2026斥04岿_巢_100技 捞惑","2026斥04岿_咯_醚牢备荐","2026斥04岿_咯_楷飞备埃牢备荐","2026斥04岿_咯_0技","2026斥04岿_咯_1技","2026斥04岿_咯_2技","2026斥04岿_咯_3技","2026斥04岿_咯_4技","2026斥04岿_咯_5技","2026斥04岿_咯_6技","2026斥04岿_咯_7技","2026斥04岿_咯_8技","2026斥04岿_咯_9技","2026斥04岿_咯_10技","2026斥04岿_咯_11技","2026斥04岿_咯_12技","2026斥04岿_咯_13技","2026斥04岿_咯_14技","2026斥04岿_咯_15技","2026斥04岿_咯_16技","2026斥04岿_咯_17技","2026斥04岿_咯_18技","2026斥04岿_咯_19技","2026斥04岿_咯_20技","2026斥04岿_咯_21技","2026斥04岿_咯_22技","2026斥04岿_咯_23技","2026斥04岿_咯_24技","2026斥04岿_咯_25技","2026斥04岿_咯_26技","2026斥04岿_咯_27技","2026斥04岿_咯_28技","2026斥04岿_咯_29技","2026斥04岿_咯_30技","2026斥04岿_咯_31技","2026斥04岿_咯_32技","2026斥04岿_咯_33技","2026斥04岿_咯_34技","2026斥04岿_咯_35技","2026斥04岿_咯_36技","2026斥04岿_咯_37技","2026斥04岿_咯_38技","2026斥04岿_咯_39技","2026斥04岿_咯_40技","2026斥04岿_咯_41技","2026斥04岿_咯_42技","2026斥04岿_咯_43技","2026斥04岿_咯_44技","2026斥04岿_咯_45技","2026斥04岿_咯_46技","2026斥04岿_咯_47技","2026斥04岿_咯_48技","2026斥04岿_咯_49技","2026斥04岿_咯_50技","2026斥04岿_咯_51技","2026斥04岿_咯_52技","2026斥04岿_咯_53技","2026斥04岿_咯_54技","2026斥04岿_咯_55技","2026斥04岿_咯_56技","2026斥04岿_咯_57技","2026斥04岿_咯_58技","2026斥04岿_咯_59技","2026斥04岿_咯_60技","2026斥04岿_咯_61技","2026斥04岿_咯_62技","2026斥04岿_咯_63技","2026斥04岿_咯_64技","2026斥04岿_咯_65技","2026斥04岿_咯_66技","2026斥04岿_咯_67技","2026斥04岿_咯_68技","2026斥04岿_咯_69技","2026斥04岿_咯_70技","2026斥04岿_咯_71技","2026斥04岿_咯_72技","2026斥04岿_咯_73技","2026斥04岿_咯_74技","2026斥04岿_咯_75技","2026斥04岿_咯_76技","2026斥04岿_咯_77技","2026斥04岿_咯_78技","2026斥04岿_咯_79技","2026斥04岿_咯_80技","2026斥04岿_咯_81技","2026斥04岿_咯_82技","2026斥04岿_咯_83技","2026斥04岿_咯_84技","2026斥04岿_咯_85技","2026斥04岿_咯_86技","2026斥04岿_咯_87技","2026斥04岿_咯_88技","2026斥04岿_咯_89技","2026斥04岿_咯_90技","2026斥04岿_咯_91技","2026斥04岿_咯_92技","2026斥04岿_咯_93技","2026斥04岿_咯_94技","2026斥04岿_咯_95技","2026斥04岿_咯_96技","2026斥04岿_咯_97技","2026斥04岿_咯_98技","2026斥04岿_咯_99技","2026斥04岿_咯_100技 捞惑"
"傈惫  (0000000000)","51,097,986","51,097,986","263,991","250,402","232,162","248,603","264,352","276,118","298,665","326,251","354,013","395,465","437,464","444,598","439,241","477,703","476,343","484,473","448,777","460,280","495,151","458,141","436,788","453,990","485,730","486,043","529,217","614,000","626,187","625,666","660,420","673,050","700,979","703,055","705,377","723,204","709,348","649,592","637,109","625,851","612,330","620,119","643,962","641,418","716,567","787,091","837,104","827,679","830,623","744,787","755,925","735,317","773,748","814,538","881,176","881,984","905,590","911,613","885,389","920,695","832,227","810,010","823,743","819,821","734,181","866,484","822,430","910,787","840,284","760,439","723,753","671,446","639,121","646,482","494,102","512,088","439,486","384,472","406,423","387,920","381,155","354,872","245,735","268,805","254,983","293,442","263,417","202,441","188,165","166,612","136,841","119,080","98,851","79,465","58,903","44,510","33,239","22,914","17,665","12,780","8,463","5,470","9,025","25,423,432","25,423,432","135,345","128,398","118,853","127,296","135,097","141,447","153,087","167,487","181,886","202,755","223,745","227,655","224,849","244,711","244,494","248,718","231,062","236,640","254,389","235,566","225,471","234,033","251,632","252,315","274,604","319,013","325,841","325,877","341,435","350,309","368,259","373,094","373,369","381,333","371,369","338,929","334,485","325,399","315,100","318,058","331,288","328,631","365,586","400,823","425,562","422,048","421,848","377,752","381,686","375,557","390,473","413,124","442,996","446,435","460,883","461,226","445,722","460,454","412,765","409,174","414,060","409,108","367,912","435,891","407,674","444,684","407,948","370,810","353,765","324,292","304,786","307,278","232,190","238,852","203,834","176,323","185,034","174,877","169,459","155,633","105,962","111,290","100,735","115,715","99,648","73,316","65,070","55,566","43,562","35,774","27,827","21,080","14,556","10,372","7,062","4,464","3,344","2,420","1,451","869","1,501","25,674,554","25,674,554","128,646","122,004","113,309","121,307","129,255","134,671","145,578","158,764","172,127","192,710","213,719","216,943","214,392","232,992","231,849","235,755","217,715","223,640","240,762","222,575","211,317","219,957","234,098","233,728","254,613","294,987","300,346","299,789","318,985","322,741","332,720","329,961","332,008","341,871","337,979","310,663","302,624","300,452","297,230","302,061","312,674","312,787","350,981","386,268","411,542","405,631","408,775","367,035","374,239","359,760","383,275","401,414","438,180","435,549","444,707","450,387","439,667","460,241","419,462","400,836","409,683","410,713","366,269","430,593","414,756","466,103","432,336","389,629","369,988","347,154","334,335","339,204","261,912","273,236","235,652","208,149","221,389","213,043","211,696","199,239","139,773","157,515","154,248","177,727","163,769","129,125","123,095","111,046","93,279","83,306","71,024","58,385","44,347","34,138","26,177","18,450","14,321","10,360","7,012","4,601","7,524"
"辑匡漂喊矫  (1100000000)","9,298,673","9,298,673","45,994","41,381","36,909","39,006","41,491","42,792","45,790","49,582","53,086","59,617","65,873","67,075","66,206","72,915","71,871","73,781","68,822","71,668","80,644","80,172","79,906","87,854","98,921","103,123","115,876","140,422","145,886","148,955","157,955","160,624","165,176","163,968","161,752","162,921","157,593","141,622","134,571","131,415","124,405","123,995","125,281","122,546","134,509","141,778","148,981","146,408","146,418","130,567","130,984","129,862","133,286","140,936","150,389","153,062","158,023","157,960","151,268","152,047","137,109","130,206","132,852","133,885","122,563","139,037","132,505","147,108","139,789","129,174","125,233","116,476","113,435","115,599","90,628","93,201","77,292","69,926","75,312","71,096","71,320","67,846","47,716","49,193","46,262","51,097","45,704","34,133","30,560","26,929","21,708","18,387","15,091","11,872","8,819","6,585","4,987","3,505","2,728","2,095","1,411","922","1,457","4,477,462","4,477,462","23,659","21,101","18,996","19,819","21,396","21,891","23,806","25,761","27,166","30,411","33,589","34,219","34,219","37,363","36,855","37,874","35,228","36,534","41,054","39,365","38,047","40,737","46,145","47,695","53,363","64,840","67,525","69,820","73,842","76,629","80,407","81,640","81,158","82,074","79,104","71,328","68,144","65,845","61,844","61,236","62,395","60,731","67,047","69,933","73,929","72,675","71,959","64,056","63,937","64,149","65,420","69,729","73,541","75,326","78,361","77,744","74,698","74,392","66,301","64,182","64,859","64,714","59,154","67,743","63,352","68,597","65,034","60,306","58,665","53,322","51,982","52,733","41,136","42,402","34,925","31,667","33,436","31,489","31,302","29,653","20,482","21,174","19,389","21,702","19,147","13,729","11,841","10,109","7,896","6,249","5,012","3,651","2,525","1,864","1,236","838","621","506","300","172","314","4,821,211","4,821,211","22,335","20,280","17,913","19,187","20,095","20,901","21,984","23,821","25,920","29,206","32,284","32,856","31,987","35,552","35,016","35,907","33,594","35,134","39,590","40,807","41,859","47,117","52,776","55,428","62,513","75,582","78,361","79,135","84,113","83,995","84,769","82,328","80,594","80,847","78,489","70,294","66,427","65,570","62,561","62,759","62,886","61,815","67,462","71,845","75,052","73,733","74,459","66,511","67,047","65,713","67,866","71,207","76,848","77,736","79,662","80,216","76,570","77,655","70,808","66,024","67,993","69,171","63,409","71,294","69,153","78,511","74,755","68,868","66,568","63,154","61,453","62,866","49,492","50,799","42,367","38,259","41,876","39,607","40,018","38,193","27,234","28,019","26,873","29,395","26,557","20,404","18,719","16,820","13,812","12,138","10,079","8,221","6,294","4,721","3,751","2,667","2,107","1,589","1,111","750","1,143"
"何魂堡开矫  (2600000000)","3,235,361","3,235,361","14,485","13,892","12,837","13,996","15,226","15,535","17,110","18,878","21,173","23,486","26,495","26,740","25,874","27,808","27,711","27,576","24,878","25,205","27,809","26,042","25,542","27,717","30,598","30,554","32,573","36,944","36,666","35,508","37,529","38,607","39,574","40,174","40,620","42,056","41,396","37,898","37,943","36,686","35,693","36,018","37,421","38,065","43,109","47,549","51,468","51,880","52,447","45,787","45,565","43,119","46,113","49,037","52,799","53,164","54,653","55,322","54,428","56,772","52,406","50,800","52,045","50,981","47,844","58,746","56,640","64,191","59,650","55,595","53,986","52,312","50,572","50,968","39,383","41,260","36,630","31,692","33,175","32,090","30,151","27,269","18,027","21,388","19,136","21,437","18,346","14,640","12,960","10,974","8,564","7,422","5,891","4,705","3,404","2,392","1,892","1,151","908","730","499","284","475","1,571,952","1,571,952","7,389","7,169","6,533","7,222","7,762","8,063","8,735","9,512","11,022","11,912","13,639","13,625","13,305","14,302","14,127","14,047","12,820","12,943","14,187","13,028","12,583","13,824","15,690","15,810","16,868","19,165","18,905","18,086","18,755","19,590","20,417","20,969","21,081","21,914","21,500","19,679","19,841","18,819","18,094","18,376","19,196","19,315","21,869","23,989","26,028","26,274","26,466","23,093","23,117","21,845","23,025","24,481","26,171","26,398","27,122","27,094","26,682","27,518","25,092","24,542","24,995","24,203","22,951","28,000","26,584","29,667","27,443","25,819","25,260","24,411","22,835","23,685","18,045","18,506","16,480","14,252","14,688","13,932","13,023","11,893","7,787","8,943","7,857","8,655","7,026","5,444","4,607","3,782","2,861","2,313","1,629","1,196","898","540","404","237","176","140","67","35","58","1,663,409","1,663,409","7,096","6,723","6,304","6,774","7,464","7,472","8,375","9,366","10,151","11,574","12,856","13,115","12,569","13,506","13,584","13,529","12,058","12,262","13,622","13,014","12,959","13,893","14,908","14,744","15,705","17,779","17,761","17,422","18,774","19,017","19,157","19,205","19,539","20,142","19,896","18,219","18,102","17,867","17,599","17,642","18,225","18,750","21,240","23,560","25,440","25,606","25,981","22,694","22,448","21,274","23,088","24,556","26,628","26,766","27,531","28,228","27,746","29,254","27,314","26,258","27,050","26,778","24,893","30,746","30,056","34,524","32,207","29,776","28,726","27,901","27,737","27,283","21,338","22,754","20,150","17,440","18,487","18,158","17,128","15,376","10,240","12,445","11,279","12,782","11,320","9,196","8,353","7,192","5,703","5,109","4,262","3,509","2,506","1,852","1,488","914","732","590","432","249","417"
"措备堡开矫  (2700000000)","2,349,360","2,349,360","11,127","11,092","10,079","10,800","11,794","12,196","13,999","15,174","16,799","18,927","20,479","20,930","20,317","22,101","21,932","22,062","20,040","20,833","22,865","21,087","20,683","21,423","23,410","22,710","24,094","27,425","27,221","25,963","27,623","28,271","29,882","29,332","29,775","30,736","30,403","27,796","28,189","26,589","26,035","26,657","27,607","27,086","30,933","34,497","36,745","37,169","37,171","33,209","33,830","34,346","35,604","38,046","40,938","41,601","42,782","42,646","42,760","44,269","41,384","39,430","39,803","39,591","35,741","42,309","39,832","42,829","40,471","35,551","33,285","32,383","30,606","30,139","23,739","26,557","23,227","19,106","20,094","20,246","18,733","16,188","10,416","12,481","13,063","14,527","12,417","9,848","8,937","7,604","6,460","5,429","4,456","3,604","2,465","1,919","1,491","943","670","464","331","200","302","1,150,292","1,150,292","5,699","5,645","5,195","5,545","6,051","6,319","7,222","7,799","8,589","9,729","10,496","10,675","10,338","11,265","11,240","11,279","10,346","10,802","11,629","10,797","10,606","11,149","12,262","11,942","12,861","14,545","14,416","13,785","14,288","14,619","15,555","15,665","15,783","16,432","16,338","14,871","15,217","14,321","13,764","14,039","14,574","14,003","15,576","16,971","18,161","18,417","18,325","16,465","16,651","17,183","17,451","18,693","19,842","20,365","20,862","20,841","20,674","21,580","20,028","19,304","19,200","19,060","17,283","20,392","19,282","20,199","18,916","16,843","15,901","15,317","13,911","13,878","10,765","11,619","10,326","8,475","8,962","8,680","7,932","6,763","4,419","4,954","4,926","5,742","4,605","3,393","3,002","2,540","2,060","1,669","1,271","1,009","602","468","341","173","113","86","55","31","45","1,199,068","1,199,068","5,428","5,447","4,884","5,255","5,743","5,877","6,777","7,375","8,210","9,198","9,983","10,255","9,979","10,836","10,692","10,783","9,694","10,031","11,236","10,290","10,077","10,274","11,148","10,768","11,233","12,880","12,805","12,178","13,335","13,652","14,327","13,667","13,992","14,304","14,065","12,925","12,972","12,268","12,271","12,618","13,033","13,083","15,357","17,526","18,584","18,752","18,846","16,744","17,179","17,163","18,153","19,353","21,096","21,236","21,920","21,805","22,086","22,689","21,356","20,126","20,603","20,531","18,458","21,917","20,550","22,630","21,555","18,708","17,384","17,066","16,695","16,261","12,974","14,938","12,901","10,631","11,132","11,566","10,801","9,425","5,997","7,527","8,137","8,785","7,812","6,455","5,935","5,064","4,400","3,760","3,185","2,595","1,863","1,451","1,150","770","557","378","276","169","257"
"牢玫堡开矫  (2800000000)","3,057,226","3,057,226","17,578","17,114","15,444","16,447","17,227","17,750","19,158","20,765","21,618","24,154","26,503","26,996","26,418","28,546","28,657","29,019","26,623","27,192","29,183","26,883","25,390","25,915","28,320","28,309","31,309","36,386","37,746","37,777","40,344","41,168","43,239","44,191","45,496","47,086","47,276","42,767","41,834","41,082","39,482","40,084","41,660","41,153","45,582","49,823","53,149","52,089","52,139","45,925","46,609","44,309","46,541","49,235","52,345","52,988","53,834","54,220","52,572","54,997","49,595","48,485","50,050","51,079","45,555","53,415","49,958","54,051","49,601","44,725","41,861","37,600","35,262","35,127","26,273","26,773","21,736","18,857","20,597","19,516","19,251","18,310","12,685","12,805","12,448","13,963","12,307","9,422","8,706","7,966","6,517","5,556","4,799","3,737","2,862","2,280","1,672","1,205","915","730","459","306","563","1,526,524","1,526,524","9,038","8,841","7,932","8,389","8,714","9,173","9,896","10,645","11,164","12,356","13,460","13,811","13,475","14,628","14,765","14,861","13,615","13,897","14,886","13,868","13,199","13,440","14,576","14,377","15,863","18,598","19,563","19,607","20,713","21,479","22,568","23,239","24,016","24,774","24,727","22,320","21,765","21,464","20,311","20,790","21,638","21,436","23,456","25,688","27,406","26,863","26,924","23,670","23,753","22,880","23,794","25,211","26,261","26,701","27,224","27,197","26,152","26,893","24,065","24,026","24,648","25,061","22,563","26,671","24,779","26,619","24,332","21,922","20,369","18,251","16,888","16,673","12,290","12,679","10,286","8,711","9,560","8,918","8,615","7,952","5,410","5,429","5,005","5,398","4,564","3,350","2,964","2,584","1,959","1,577","1,311","921","684","475","303","228","164","154","70","54","92","1,530,702","1,530,702","8,540","8,273","7,512","8,058","8,513","8,577","9,262","10,120","10,454","11,798","13,043","13,185","12,943","13,918","13,892","14,158","13,008","13,295","14,297","13,015","12,191","12,475","13,744","13,932","15,446","17,788","18,183","18,170","19,631","19,689","20,671","20,952","21,480","22,312","22,549","20,447","20,069","19,618","19,171","19,294","20,022","19,717","22,126","24,135","25,743","25,226","25,215","22,255","22,856","21,429","22,747","24,024","26,084","26,287","26,610","27,023","26,420","28,104","25,530","24,459","25,402","26,018","22,992","26,744","25,179","27,432","25,269","22,803","21,492","19,349","18,374","18,454","13,983","14,094","11,450","10,146","11,037","10,598","10,636","10,358","7,275","7,376","7,443","8,565","7,743","6,072","5,742","5,382","4,558","3,979","3,488","2,816","2,178","1,805","1,369","977","751","576","389","252","471"
"堡林堡开矫  (2900000000)","1,386,567","1,386,567","6,836","6,485","6,304","7,080","7,810","8,156","9,036","9,793","10,728","11,983","13,236","13,450","13,529","14,771","14,673","15,030","14,044","14,500","15,453","14,444","13,827","14,548","15,487","15,153","16,274","18,225","18,153","17,786","18,701","18,666","19,431","19,106","18,950","18,816","18,282","16,420","15,985","15,369","15,431","15,757","16,877","17,012","19,761","22,162","23,473","22,637","23,615","21,192","21,580","22,021","21,971","23,538","25,285","25,179","25,466","25,235","23,957","25,264","22,432","21,788","22,451","20,397","19,143","21,341","19,397","22,026","20,499","18,317","17,181","15,163","14,423","14,833","11,266","11,484","10,739","10,128","10,502","9,668","9,761","9,218","6,595","6,786","5,785","7,218","6,448","4,859","4,390","3,670","3,221","2,663","2,177","1,795","1,337","990","745","528","486","292","176","121","195","683,873","683,873","3,483","3,252","3,202","3,666","3,950","4,160","4,502","5,045","5,553","6,094","6,772","6,923","6,889","7,674","7,548","7,654","7,267","7,424","8,079","7,456","7,167","7,473","8,061","7,967","8,629","9,643","9,638","9,200","9,726","9,597","10,071","10,054","10,075","9,979","9,602","8,508","8,480","7,851","7,842","7,958","8,556","8,603","10,025","11,207","11,692","11,194","11,701","10,438","10,540","11,064","10,954","11,739","12,506","12,517","12,582","12,608","11,831","12,508","11,019","10,787","10,971","9,950","9,414","10,466","9,331","10,481","9,628","8,430","8,088","7,086","6,796","6,840","5,019","5,061","4,833","4,471","4,541","4,227","4,131","3,945","2,817","2,801","2,304","2,959","2,512","1,751","1,558","1,233","1,049","849","635","480","325","223","172","84","94","49","35","23","26","702,694","702,694","3,353","3,233","3,102","3,414","3,860","3,996","4,534","4,748","5,175","5,889","6,464","6,527","6,640","7,097","7,125","7,376","6,777","7,076","7,374","6,988","6,660","7,075","7,426","7,186","7,645","8,582","8,515","8,586","8,975","9,069","9,360","9,052","8,875","8,837","8,680","7,912","7,505","7,518","7,589","7,799","8,321","8,409","9,736","10,955","11,781","11,443","11,914","10,754","11,040","10,957","11,017","11,799","12,779","12,662","12,884","12,627","12,126","12,756","11,413","11,001","11,480","10,447","9,729","10,875","10,066","11,545","10,871","9,887","9,093","8,077","7,627","7,993","6,247","6,423","5,906","5,657","5,961","5,441","5,630","5,273","3,778","3,985","3,481","4,259","3,936","3,108","2,832","2,437","2,172","1,814","1,542","1,315","1,012","767","573","444","392","243","141","98","169"
"措傈堡开矫  (3000000000)","1,441,687","1,441,687","8,019","7,612","7,160","7,654","7,756","7,968","8,445","9,396","10,083","11,455","12,586","12,774","12,780","13,693","13,794","13,915","13,063","13,492","15,193","14,801","14,457","15,473","17,115","16,892","18,245","20,210","20,507","20,370","21,118","21,452","21,838","21,566","21,181","21,578","20,649","18,943","18,143","17,636","17,378","17,110","17,813","17,516","19,274","21,385","22,859","22,683","22,470","20,909","21,377","20,715","22,056","22,898","25,388","24,842","25,394","25,622","24,675","26,428","22,925","21,976","21,296","22,159","18,642","22,443","22,024","24,470","22,256","19,389","18,885","17,640","16,922","17,214","12,672","12,723","11,324","9,843","10,397","10,004","9,121","8,600","6,066","6,518","6,331","7,084","6,478","4,588","4,482","3,960","3,284","2,813","2,326","1,924","1,431","1,050","788","553","437","303","211","126","205","718,049","718,049","4,152","3,894","3,752","3,939","4,013","4,107","4,255","4,814","5,272","5,829","6,451","6,648","6,526","6,977","7,160","7,192","6,676","7,079","7,765","7,177","6,920","7,763","8,833","9,002","9,717","10,647","10,871","10,778","11,148","11,211","11,667","11,591","11,404","11,526","10,924","9,986","9,847","9,483","9,151","8,893","9,190","8,977","9,784","10,826","11,348","11,430","11,265","10,303","10,555","10,270","10,886","11,460","12,595","12,280","12,915","12,878","12,405","12,917","11,316","11,078","10,604","10,765","9,201","11,069","10,804","11,618","10,622","9,228","9,107","8,532","7,883","8,045","5,887","5,955","5,277","4,455","4,793","4,398","4,119","3,781","2,691","2,692","2,514","2,836","2,515","1,679","1,630","1,329","1,086","885","657","504","388","276","165","113","76","62","37","21","32","723,638","723,638","3,867","3,718","3,408","3,715","3,743","3,861","4,190","4,582","4,811","5,626","6,135","6,126","6,254","6,716","6,634","6,723","6,387","6,413","7,428","7,624","7,537","7,710","8,282","7,890","8,528","9,563","9,636","9,592","9,970","10,241","10,171","9,975","9,777","10,052","9,725","8,957","8,296","8,153","8,227","8,217","8,623","8,539","9,490","10,559","11,511","11,253","11,205","10,606","10,822","10,445","11,170","11,438","12,793","12,562","12,479","12,744","12,270","13,511","11,609","10,898","10,692","11,394","9,441","11,374","11,220","12,852","11,634","10,161","9,778","9,108","9,039","9,169","6,785","6,768","6,047","5,388","5,604","5,606","5,002","4,819","3,375","3,826","3,817","4,248","3,963","2,909","2,852","2,631","2,198","1,928","1,669","1,420","1,043","774","623","440","361","241","174","105","173"
"匡魂堡开矫  (3100000000)","1,088,041","1,088,041","5,715","5,360","4,933","5,266","5,838","6,215","6,871","7,535","8,378","9,631","10,666","10,778","10,776","11,462","11,413","11,460","10,591","10,926","11,128","9,629","8,750","8,514","8,901","8,657","9,808","11,510","12,344","12,222","13,301","13,735","14,315","14,115","13,971","14,514","14,331","13,334","13,392","13,047","12,709","13,075","13,684","13,698","15,643","17,481","18,936","18,840","19,008","16,918","17,158","15,976","16,903","17,871","19,333","19,312","20,306","20,364","20,602","21,626","20,277","19,807","20,517","19,589","17,023","20,205","18,766","20,667","18,258","16,614","15,447","14,256","13,305","13,004","10,151","10,200","8,599","7,529","7,253","6,986","6,442","5,477","3,541","4,250","3,791","4,459","3,535","2,713","2,565","2,097","1,734","1,484","1,173","997","763","543","399","267","194","134","84","70","101","561,115","561,115","2,924","2,732","2,487","2,727","3,003","3,107","3,470","3,897","4,358","4,957","5,514","5,566","5,523","5,853","5,908","5,951","5,589","5,676","5,776","5,297","4,937","4,953","5,035","4,924","5,564","6,630","7,375","7,205","7,631","8,035","8,195","8,106","7,951","8,155","7,830","7,280","7,422","7,208","6,855","6,993","7,235","7,207","8,042","8,993","9,756","9,762","9,963","8,803","8,948","8,421","8,490","9,107","9,498","9,751","10,180","10,126","10,180","10,672","10,044","10,147","10,572","10,108","8,741","10,426","9,615","10,255","9,090","8,338","7,647","6,998","6,443","6,394","4,928","4,908","4,124","3,677","3,504","3,329","3,038","2,521","1,639","1,792","1,535","1,789","1,344","984","847","702","485","401","277","244","186","106","76","49","27","19","12","10","11","526,926","526,926","2,791","2,628","2,446","2,539","2,835","3,108","3,401","3,638","4,020","4,674","5,152","5,212","5,253","5,609","5,505","5,509","5,002","5,250","5,352","4,332","3,813","3,561","3,866","3,733","4,244","4,880","4,969","5,017","5,670","5,700","6,120","6,009","6,020","6,359","6,501","6,054","5,970","5,839","5,854","6,082","6,449","6,491","7,601","8,488","9,180","9,078","9,045","8,115","8,210","7,555","8,413","8,764","9,835","9,561","10,126","10,238","10,422","10,954","10,233","9,660","9,945","9,481","8,282","9,779","9,151","10,412","9,168","8,276","7,800","7,258","6,862","6,610","5,223","5,292","4,475","3,852","3,749","3,657","3,404","2,956","1,902","2,458","2,256","2,670","2,191","1,729","1,718","1,395","1,249","1,083","896","753","577","437","323","218","167","115","72","60","90"
"技辆漂喊磊摹矫  (3600000000)","391,024","391,024","2,957","2,951","2,706","3,234","3,550","3,690","4,009","4,456","4,903","5,180","5,780","5,713","5,511","5,871","5,722","5,696","5,236","5,198","5,027","4,292","3,805","3,584","3,481","3,241","3,236","3,534","3,671","3,701","3,854","4,177","4,785","5,022","5,313","5,760","6,001","5,837","5,996","6,071","6,033","6,341","6,455","6,666","7,339","8,165","8,778","8,370","8,426","7,441","7,258","6,793","6,956","6,826","7,021","6,443","6,469","6,115","5,481","5,539","4,724","4,387","4,135","4,492","3,708","4,339","4,200","4,568","4,070","3,659","3,412","3,133","3,061","3,083","2,238","2,202","1,902","1,669","1,768","1,613","1,424","1,349","925","1,037","981","1,135","1,003","771","766","671","553","482","430","422","296","214","145","128","78","72","48","31","34","194,741","194,741","1,491","1,471","1,367","1,618","1,822","1,832","2,093","2,275","2,479","2,655","2,944","2,975","2,785","3,025","2,914","2,920","2,626","2,509","2,504","2,205","2,014","1,925","1,857","1,694","1,701","1,873","1,878","1,824","1,909","2,028","2,360","2,521","2,669","2,859","2,936","2,852","2,981","3,024","2,996","3,123","3,187","3,301","3,499","3,903","4,265","4,042","4,179","3,612","3,627","3,398","3,470","3,551","3,629","3,371","3,498","3,184","2,914","2,835","2,417","2,239","2,052","2,331","1,876","2,189","2,064","2,280","1,976","1,795","1,656","1,495","1,527","1,509","1,066","1,072","915","808","838","778","650","602","437","420","399","456","385","277","259","227","168","151","128","101","71","29","30","26","13","11","7","7","5","196,283","196,283","1,466","1,480","1,339","1,616","1,728","1,858","1,916","2,181","2,424","2,525","2,836","2,738","2,726","2,846","2,808","2,776","2,610","2,689","2,523","2,087","1,791","1,659","1,624","1,547","1,535","1,661","1,793","1,877","1,945","2,149","2,425","2,501","2,644","2,901","3,065","2,985","3,015","3,047","3,037","3,218","3,268","3,365","3,840","4,262","4,513","4,328","4,247","3,829","3,631","3,395","3,486","3,275","3,392","3,072","2,971","2,931","2,567","2,704","2,307","2,148","2,083","2,161","1,832","2,150","2,136","2,288","2,094","1,864","1,756","1,638","1,534","1,574","1,172","1,130","987","861","930","835","774","747","488","617","582","679","618","494","507","444","385","331","302","321","225","185","115","102","65","61","41","24","29"
"版扁档  (4100000000)","13,751,098","13,751,098","80,767","76,950","71,423","76,888","80,777","84,070","89,360","97,011","104,298","116,130","128,115","129,663","126,709","137,730","136,457","138,736","128,323","131,433","139,878","128,095","119,535","123,358","130,542","131,193","145,059","169,763","172,912","173,840","182,850","185,473","195,759","198,831","201,074","207,922","206,565","189,771","186,072","184,457","180,454","181,393","189,486","187,647","207,674","227,909","242,695","238,925","238,562","212,571","215,023","208,740","218,632","227,413","245,509","244,051","250,660","251,266","240,383","247,540","220,412","214,450","215,904","216,140","191,104","219,729","207,201","223,955","203,422","184,710","172,287","155,441","146,292","146,923","111,088","114,786","91,554","80,324","85,870","81,600","82,299","78,406","55,572","58,242","55,037","60,893","55,529","43,493","39,491","35,293","29,451","25,469","21,094","16,837","12,668","9,671","7,003","5,043","3,881","2,895","1,948","1,267","2,102","6,903,574","6,903,574","41,419","39,423","36,625","39,525","41,082","43,074","45,518","49,819","53,416","59,523","65,300","66,255","64,437","70,301","69,819","70,751","65,671","67,071","71,569","65,821","62,021","64,070","67,683","67,958","74,981","88,401","90,548","91,652","96,261","97,859","104,116","106,284","106,837","110,149","108,498","98,543","97,306","95,522","93,122","93,409","97,240","96,479","106,590","117,097","123,968","122,309","121,411","107,838","108,498","106,557","110,727","115,012","123,326","123,298","127,298","126,630","120,523","123,201","108,254","108,083","108,892","108,481","96,721","111,239","103,509","111,066","100,680","91,569","85,205","75,725","70,818","70,494","52,947","54,266","42,925","36,910","39,325","36,957","36,830","34,433","24,166","24,301","21,951","24,676","21,599","16,276","14,094","12,178","9,736","7,988","6,138","4,801","3,262","2,399","1,625","1,073","801","564","351","211","414","6,847,524","6,847,524","39,348","37,527","34,798","37,363","39,695","40,996","43,842","47,192","50,882","56,607","62,815","63,408","62,272","67,429","66,638","67,985","62,652","64,362","68,309","62,274","57,514","59,288","62,859","63,235","70,078","81,362","82,364","82,188","86,589","87,614","91,643","92,547","94,237","97,773","98,067","91,228","88,766","88,935","87,332","87,984","92,246","91,168","101,084","110,812","118,727","116,616","117,151","104,733","106,525","102,183","107,905","112,401","122,183","120,753","123,362","124,636","119,860","124,339","112,158","106,367","107,012","107,659","94,383","108,490","103,692","112,889","102,742","93,141","87,082","79,716","75,474","76,429","58,141","60,520","48,629","43,414","46,545","44,643","45,469","43,973","31,406","33,941","33,086","36,217","33,930","27,217","25,397","23,115","19,715","17,481","14,956","12,036","9,406","7,272","5,378","3,970","3,080","2,331","1,597","1,056","1,688"
"碍盔漂喊磊摹档  (5100000000)","1,507,199","1,507,199","6,943","6,808","6,540","7,242","7,325","7,716","8,310","8,673","9,541","10,393","11,332","11,584","11,426","12,733","12,788","13,311","12,493","12,759","13,806","12,674","12,431","12,832","13,648","13,647","14,276","15,575","15,467","15,569","16,115","16,182","16,727","16,561","16,735","17,024","16,547","15,351","15,241","14,987","14,668","15,146","15,728","15,846","17,698","19,893","21,358","21,018","20,958","19,922","20,223","19,887","21,417","23,004","25,788","25,363","25,942","26,838","26,757","28,207","26,288","26,032","26,524","26,049","24,521","30,162","29,319","32,340","30,843","28,434","27,838","25,612","23,221","24,326","18,353","19,552","14,986","12,457","12,447","12,806","13,571","12,722","10,289","11,035","10,543","11,369","10,395","8,783","7,861","7,041","5,781","4,757","3,973","3,166","2,315","1,738","1,342","992","773","582","372","258","458","758,166","758,166","3,602","3,470","3,269","3,710","3,765","3,914","4,233","4,417","4,860","5,402","5,761","5,923","5,880","6,486","6,629","6,870","6,473","6,625","7,195","6,742","6,683","6,923","7,540","7,807","8,277","9,050","8,735","8,853","8,900","8,912","9,176","9,236","9,167","9,216","8,840","8,355","8,093","8,000","7,641","7,906","8,234","8,209","9,020","10,138","10,744","10,746","10,600","10,068","10,219","10,276","10,791","11,835","13,253","13,122","13,524","13,890","13,743","14,501","13,623","13,335","13,446","13,168","12,432","15,422","14,859","15,803","15,126","14,154","13,994","12,908","11,483","12,099","8,921","9,401","6,994","5,648","5,649","5,838","6,088","5,700","4,458","4,579","4,124","4,482","3,827","3,123","2,660","2,380","1,852","1,444","1,122","740","556","391","273","190","138","94","61","35","97","749,033","749,033","3,341","3,338","3,271","3,532","3,560","3,802","4,077","4,256","4,681","4,991","5,571","5,661","5,546","6,247","6,159","6,441","6,020","6,134","6,611","5,932","5,748","5,909","6,108","5,840","5,999","6,525","6,732","6,716","7,215","7,270","7,551","7,325","7,568","7,808","7,707","6,996","7,148","6,987","7,027","7,240","7,494","7,637","8,678","9,755","10,614","10,272","10,358","9,854","10,004","9,611","10,626","11,169","12,535","12,241","12,418","12,948","13,014","13,706","12,665","12,697","13,078","12,881","12,089","14,740","14,460","16,537","15,717","14,280","13,844","12,704","11,738","12,227","9,432","10,151","7,992","6,809","6,798","6,968","7,483","7,022","5,831","6,456","6,419","6,887","6,568","5,660","5,201","4,661","3,929","3,313","2,851","2,426","1,759","1,347","1,069","802","635","488","311","223","361"
"面没合档  (4300000000)","1,599,375","1,599,375","8,585","8,046","7,589","7,831","8,329","8,647","9,049","10,386","11,222","12,222","13,437","13,349","13,576","14,745","14,851","15,132","14,031","14,366","15,543","14,241","13,671","14,333","14,834","14,573","15,211","17,768","17,753","17,966","19,165","20,067","20,819","20,869","20,822","21,146","20,179","18,301","18,089","17,826","17,862","18,217","18,755","18,741","20,838","23,272","24,415","23,714","23,916","21,839","22,687","21,510","23,786","24,983","27,489","26,577","27,085","27,942","28,004","30,302","27,123","27,321","27,695","27,476","23,038","29,336","28,630","32,280","28,032","26,189","25,546","23,827","21,958","21,567","17,368","17,059","15,085","11,860","12,179","12,061","11,983","11,020","8,059","8,938","8,660","10,605","9,299","7,051","6,871","6,090","5,163","4,657","3,912","3,105","2,263","1,664","1,204","806","623","472","272","203","322","815,479","815,479","4,336","4,205","3,886","4,014","4,241","4,428","4,735","5,345","5,694","6,384","6,879","6,755","6,889","7,508","7,638","7,802","7,219","7,558","8,113","7,423","7,161","7,568","8,132","8,147","8,598","10,002","9,894","10,082","10,549","11,274","11,670","11,885","11,859","11,958","11,378","10,122","9,919","9,607","9,491","9,718","9,931","9,943","10,932","12,088","12,669","12,368","12,467","11,468","11,666","11,287","12,139","12,876","14,110","13,795","14,052","14,504","14,401","15,210","13,724","14,125","14,164","14,023","11,834","15,222","14,660","16,289","13,952","13,252","12,901","11,916","10,844","10,533","8,469","8,190","7,186","5,537","5,724","5,641","5,466","4,882","3,448","3,721","3,260","4,070","3,334","2,524","2,337","1,935","1,604","1,341","1,052","815","504","348","221","132","107","88","47","31","54","783,896","783,896","4,249","3,841","3,703","3,817","4,088","4,219","4,314","5,041","5,528","5,838","6,558","6,594","6,687","7,237","7,213","7,330","6,812","6,808","7,430","6,818","6,510","6,765","6,702","6,426","6,613","7,766","7,859","7,884","8,616","8,793","9,149","8,984","8,963","9,188","8,801","8,179","8,170","8,219","8,371","8,499","8,824","8,798","9,906","11,184","11,746","11,346","11,449","10,371","11,021","10,223","11,647","12,107","13,379","12,782","13,033","13,438","13,603","15,092","13,399","13,196","13,531","13,453","11,204","14,114","13,970","15,991","14,080","12,937","12,645","11,911","11,114","11,034","8,899","8,869","7,899","6,323","6,455","6,420","6,517","6,138","4,611","5,217","5,400","6,535","5,965","4,527","4,534","4,155","3,559","3,316","2,860","2,290","1,759","1,316","983","674","516","384","225","172","268"
"面没巢档  (4400000000)","2,137,689","2,137,689","10,599","10,251","9,714","10,271","11,243","11,983","13,095","14,123","15,524","17,274","19,089","19,294","19,325","21,095","21,224","21,454","20,002","20,339","21,338","19,476","18,442","18,964","19,136","18,741","19,431","21,842","22,387","22,524","23,693","24,241","25,171","25,234","25,528","26,579","25,592","24,254","24,217","24,508","25,295","25,637","26,219","26,085","29,601","33,388","34,853","34,296","34,234","30,823","31,521","30,055","32,610","33,526","36,453","35,743","36,578","37,120","35,583","38,573","34,049","33,640","32,523","36,930","29,566","36,782","36,323","40,998","37,290","32,343","30,909","28,505","28,691","29,145","21,313","21,278","20,737","17,629","19,527","18,195","17,283","15,860","10,826","12,030","12,519","14,573","13,848","9,769","10,019","9,560","7,886","7,220","6,292","4,966","3,783","2,906","2,161","1,359","1,057","792","449","296","472","1,098,060","1,098,060","5,438","5,313","4,981","5,223","5,767","6,195","6,746","7,140","7,948","8,863","9,778","9,832","9,990","10,803","10,958","11,210","10,316","10,559","11,073","10,132","9,654","9,943","10,362","10,492","10,796","12,147","12,729","12,715","13,347","13,635","14,185","14,503","14,185","14,665","14,008","13,219","13,294","13,321","13,510","13,609","14,068","13,867","15,700","17,782","18,552","18,479","18,044","16,681","16,982","16,035","17,020","17,728","19,394","19,205","19,728","19,921","18,724","20,314","17,867","17,754","16,990","19,412","15,355","19,310","18,832","20,880","18,692","16,214","15,601","14,266","14,250","14,280","10,266","10,186","9,965","8,303","9,121","8,606","7,964","7,315","4,842","4,989","4,877","5,588","5,025","3,476","3,350","3,103","2,444","2,147","1,764","1,315","961","653","478","251","221","137","73","50","79","1,039,629","1,039,629","5,161","4,938","4,733","5,048","5,476","5,788","6,349","6,983","7,576","8,411","9,311","9,462","9,335","10,292","10,266","10,244","9,686","9,780","10,265","9,344","8,788","9,021","8,774","8,249","8,635","9,695","9,658","9,809","10,346","10,606","10,986","10,731","11,343","11,914","11,584","11,035","10,923","11,187","11,785","12,028","12,151","12,218","13,901","15,606","16,301","15,817","16,190","14,142","14,539","14,020","15,590","15,798","17,059","16,538","16,850","17,199","16,859","18,259","16,182","15,886","15,533","17,518","14,211","17,472","17,491","20,118","18,598","16,129","15,308","14,239","14,441","14,865","11,047","11,092","10,772","9,326","10,406","9,589","9,319","8,545","5,984","7,041","7,642","8,985","8,823","6,293","6,669","6,457","5,442","5,073","4,528","3,651","2,822","2,253","1,683","1,108","836","655","376","246","393"
"傈合漂喊磊摹档  (5200000000)","1,720,203","1,720,203","7,271","6,974","6,692","7,080","7,579","8,242","8,931","9,848","11,008","12,277","13,882","14,573","14,682","16,169","16,379","17,026","15,884","16,447","17,408","16,102","15,351","15,621","16,186","15,869","16,489","18,073","17,877","17,572","17,845","18,089","18,728","18,676","18,237","18,281","17,633","16,567","16,209","15,967","15,903","16,550","17,657","17,991","20,566","22,821","24,193","24,389","24,657","22,980","24,775","23,914","25,699","27,330","30,651","30,058","31,127","31,329","29,846","32,855","28,727","29,570","30,392","28,967","25,897","31,602","29,582","34,854","32,318","27,810","27,103","25,198","24,595","26,112","19,420","18,909","18,405","18,245","19,315","15,826","17,140","17,014","11,127","11,489","10,982","14,136","14,194","9,226","9,489","8,595","7,054","6,283","5,438","4,382","3,319","2,492","1,870","1,264","931","681","468","307","460","857,466","857,466","3,734","3,596","3,380","3,552","3,851","4,128","4,615","5,044","5,618","6,316","7,154","7,495","7,508","8,371","8,434","8,674","8,236","8,609","8,992","8,378","8,224","8,451","8,734","8,715","9,080","9,906","9,833","9,610","9,649","9,595","10,193","9,957","9,775","9,754","9,138","8,734","8,639","8,252","8,162","8,454","8,960","9,126","10,465","11,726","12,247","12,442","12,642","11,761","12,645","12,331","13,135","14,077","15,799","15,555","16,375","16,356","15,554","17,103","14,863","15,269","15,714","14,924","13,288","16,286","14,901","17,427","15,743","13,672","13,520","12,481","12,010","12,574","9,203","9,018","8,613","8,490","8,682","7,086","7,631","7,575","4,737","4,603","4,189","5,235","5,025","3,103","3,071","2,767","2,139","1,797","1,445","1,144","794","537","368","225","189","114","81","40","54","862,737","862,737","3,537","3,378","3,312","3,528","3,728","4,114","4,316","4,804","5,390","5,961","6,728","7,078","7,174","7,798","7,945","8,352","7,648","7,838","8,416","7,724","7,127","7,170","7,452","7,154","7,409","8,167","8,044","7,962","8,196","8,494","8,535","8,719","8,462","8,527","8,495","7,833","7,570","7,715","7,741","8,096","8,697","8,865","10,101","11,095","11,946","11,947","12,015","11,219","12,130","11,583","12,564","13,253","14,852","14,503","14,752","14,973","14,292","15,752","13,864","14,301","14,678","14,043","12,609","15,316","14,681","17,427","16,575","14,138","13,583","12,717","12,585","13,538","10,217","9,891","9,792","9,755","10,633","8,740","9,509","9,439","6,390","6,886","6,793","8,901","9,169","6,123","6,418","5,828","4,915","4,486","3,993","3,238","2,525","1,955","1,502","1,039","742","567","387","267","406"
"傈扼巢档  (4600000000)","1,775,031","1,775,031","8,956","8,339","7,643","7,929","8,392","8,887","9,634","10,262","11,273","12,508","14,004","14,427","14,481","16,143","16,235","16,619","15,641","15,588","16,585","14,751","13,610","13,615","14,081","13,962","14,695","16,608","17,004","16,747","17,449","17,800","18,438","17,842","17,808","18,359","17,489","16,127","16,043","15,705","15,989","16,686","17,763","18,215","20,880","23,336","24,601","24,218","25,121","22,889","24,114","23,814","24,791","26,258","29,355","30,272","31,207","31,501","31,265","33,675","31,679","31,108","33,712","31,467","29,732","34,336","32,058","37,136","34,792","31,467","29,771","26,644","25,555","26,796","19,676","20,967","20,973","19,509","19,709","18,346","18,760","17,963","12,956","14,042","12,175","17,199","15,314","12,019","11,683","9,974","8,590","7,341","5,846","4,930","3,590","2,707","2,121","1,523","1,214","698","461","289","574","897,139","897,139","4,600","4,270","3,818","4,065","4,288","4,506","4,894","5,195","5,859","6,460","7,194","7,412","7,395","8,168","8,210","8,542","8,129","8,017","8,537","7,913","7,500","7,554","7,850","7,812","8,310","9,431","9,515","9,274","9,652","9,806","10,192","9,889","9,736","9,671","9,198","8,529","8,397","8,281","8,314","8,568","9,234","9,593","10,775","12,448","13,131","12,841","13,226","12,039","12,651","12,874","13,205","13,981","15,741","16,133","16,983","17,018","16,721","18,116","16,957","16,917","18,285","16,707","15,715","18,344","16,553","19,053","17,645","16,005","15,174","13,410","12,810","13,207","9,523","10,021","9,995","9,094","9,243","8,426","8,382","7,729","5,341","5,510","4,454","6,155","5,286","3,883","3,572","2,925","2,263","1,913","1,391","1,144","715","583","365","262","195","122","87","41","76","877,892","877,892","4,356","4,069","3,825","3,864","4,104","4,381","4,740","5,067","5,414","6,048","6,810","7,015","7,086","7,975","8,025","8,077","7,512","7,571","8,048","6,838","6,110","6,061","6,231","6,150","6,385","7,177","7,489","7,473","7,797","7,994","8,246","7,953","8,072","8,688","8,291","7,598","7,646","7,424","7,675","8,118","8,529","8,622","10,105","10,888","11,470","11,377","11,895","10,850","11,463","10,940","11,586","12,277","13,614","14,139","14,224","14,483","14,544","15,559","14,722","14,191","15,427","14,760","14,017","15,992","15,505","18,083","17,147","15,462","14,597","13,234","12,745","13,589","10,153","10,946","10,978","10,415","10,466","9,920","10,378","10,234","7,615","8,532","7,721","11,044","10,028","8,136","8,111","7,049","6,327","5,428","4,455","3,786","2,875","2,124","1,756","1,261","1,019","576","374","248","498"
"版惑合档  (4700000000)","2,498,364","2,498,364","10,525","10,275","9,745","10,457","11,127","11,812","12,954","14,498","15,802","17,881","19,925","20,356","20,479","22,103","22,255","22,927","21,426","21,690","23,026","20,833","19,597","19,228","19,886","19,058","20,334","22,970","22,927","22,495","23,970","24,461","25,552","25,438","25,535","26,134","25,924","24,192","24,288","24,217","24,612","25,395","26,510","26,739","30,264","34,116","36,912","36,337","36,869","33,054","34,348","33,581","36,332","38,710","42,473","42,699","43,610","44,907","45,133","48,079","44,567","44,189","45,763","45,112","41,717","50,139","48,339","53,310","50,927","44,660","42,446","41,588","38,941","38,835","31,525","34,310","30,004","24,174","25,963","25,928","23,966","20,469","12,854","16,405","17,555","21,043","17,960","14,212","13,828","12,372","9,871","8,895","7,592","6,178","4,461","3,458","2,531","1,639","1,217","865","612","374","588","1,265,190","1,265,190","5,390","5,345","4,943","5,436","5,721","6,027","6,577","7,535","8,148","9,098","10,267","10,544","10,619","11,521","11,542","11,949","11,318","11,463","12,127","11,237","10,894","10,696","11,316","11,065","11,813","13,491","13,346","12,989","13,622","13,926","14,660","14,489","14,613","14,393","14,287","13,108","13,463","13,315","13,218","13,323","14,242","13,993","15,799","17,610","19,093","19,062","19,426","17,318","17,728","17,582","18,776","20,066","21,800","22,207","22,901","23,515","23,491","24,836","22,663","22,980","23,721","23,112","21,519","25,926","24,728","26,903","25,202","22,394","21,466","20,764","19,110","18,872","14,978","16,224","13,916","11,257","12,217","12,001","10,884","9,067","5,567","6,447","6,415","7,685","6,328","4,730","4,434","3,731","2,791","2,379","1,947","1,486","1,011","728","501","279","189","136","97","48","78","1,233,174","1,233,174","5,135","4,930","4,802","5,021","5,406","5,785","6,377","6,963","7,654","8,783","9,658","9,812","9,860","10,582","10,713","10,978","10,108","10,227","10,899","9,596","8,703","8,532","8,570","7,993","8,521","9,479","9,581","9,506","10,348","10,535","10,892","10,949","10,922","11,741","11,637","11,084","10,825","10,902","11,394","12,072","12,268","12,746","14,465","16,506","17,819","17,275","17,443","15,736","16,620","15,999","17,556","18,644","20,673","20,492","20,709","21,392","21,642","23,243","21,904","21,209","22,042","22,000","20,198","24,213","23,611","26,407","25,725","22,266","20,980","20,824","19,831","19,963","16,547","18,086","16,088","12,917","13,746","13,927","13,082","11,402","7,287","9,958","11,140","13,358","11,632","9,482","9,394","8,641","7,080","6,516","5,645","4,692","3,450","2,730","2,030","1,360","1,028","729","515","326","510"
"版惑巢档  (4800000000)","3,197,859","3,197,859","14,320","13,606","13,234","13,907","14,978","16,310","18,232","20,553","22,895","26,055","29,199","29,968","30,223","32,514","32,949","33,356","30,923","31,762","33,244","28,284","25,976","25,355","25,283","24,784","26,327","29,838","30,680","29,920","31,628","32,635","33,677","34,163","34,517","35,844","35,430","33,013","33,632","33,185","33,289","34,478","36,984","37,970","43,494","48,668","52,240","53,375","53,090","48,624","48,743","46,353","50,631","53,554","57,689","58,221","59,412","60,837","60,469","62,073","57,245","56,158","56,835","55,058","48,234","61,505","57,461","65,273","58,085","52,524","50,027","47,543","44,701","44,914","33,635","35,283","31,340","26,724","27,791","27,129","25,307","22,671","14,623","18,682","16,390","19,321","17,404","14,241","13,005","11,532","9,077","8,578","6,880","5,581","4,095","3,117","2,323","1,618","1,214","788","505","334","515","1,612,989","1,612,989","7,276","7,015","6,884","7,049","7,689","8,384","9,414","10,502","11,828","13,534","15,002","15,471","15,563","16,761","16,887","17,372","16,050","16,342","17,297","15,358","14,641","14,406","14,317","13,926","14,949","17,049","17,353","16,886","17,649","18,211","18,704","18,921","18,836","19,465","18,955","17,724","18,027","17,596","17,266","17,898","19,313","19,682","22,368","25,021","26,808","27,436","27,489","25,033","25,071","23,998","25,754","27,618","29,249","30,055","30,611","31,306","30,723","31,451","28,680","28,813","29,105","27,755","24,680","31,471","28,733","32,202","28,916","26,258","24,971","23,443","21,562","21,752","16,188","16,747","14,725","12,387","12,773","12,337","11,325","9,861","6,214","7,476","6,222","6,933","5,947","4,644","3,973","3,309","2,562","2,192","1,639","1,214","844","593","412","240","173","115","60","46","54","1,584,870","1,584,870","7,044","6,591","6,350","6,858","7,289","7,926","8,818","10,051","11,067","12,521","14,197","14,497","14,660","15,753","16,062","15,984","14,873","15,420","15,947","12,926","11,335","10,949","10,966","10,858","11,378","12,789","13,327","13,034","13,979","14,424","14,973","15,242","15,681","16,379","16,475","15,289","15,605","15,589","16,023","16,580","17,671","18,288","21,126","23,647","25,432","25,939","25,601","23,591","23,672","22,355","24,877","25,936","28,440","28,166","28,801","29,531","29,746","30,622","28,565","27,345","27,730","27,303","23,554","30,034","28,728","33,071","29,169","26,266","25,056","24,100","23,139","23,162","17,447","18,536","16,615","14,337","15,018","14,792","13,982","12,810","8,409","11,206","10,168","12,388","11,457","9,597","9,032","8,223","6,515","6,386","5,241","4,367","3,251","2,524","1,911","1,378","1,041","673","445","288","461"
"力林漂喊磊摹档  (5000000000)","663,229","663,229","3,314","3,266","3,210","3,515","3,910","4,149","4,682","5,318","5,682","6,292","6,863","6,928","6,929","7,304","7,432","7,373","6,757","6,882","7,021","6,335","5,815","5,656","5,901","5,577","5,980","6,907","6,986","6,751","7,280","7,402","7,868","7,967","8,063","8,448","8,058","7,399","7,265","7,104","7,092","7,580","8,062","8,442","9,402","10,848","11,448","11,331","11,522","10,137","10,130","10,322","10,420","11,373","12,271","12,409","13,042","12,389","12,206","12,449","11,285","10,663","11,246","10,449","10,153","11,058","10,195","10,731","9,981","9,278","8,536","8,125","7,581","7,897","5,374","5,544","4,953","4,800","4,524","4,810","4,643","4,490","3,458","3,484","3,325","3,383","3,236","2,673","2,552","2,284","1,927","1,644","1,481","1,264","1,032","784","565","390","339","187","157","82","202","331,361","331,361","1,715","1,656","1,603","1,797","1,982","2,139","2,376","2,742","2,912","3,232","3,545","3,526","3,508","3,705","3,860","3,770","3,483","3,532","3,606","3,369","3,220","3,158","3,239","2,982","3,234","3,595","3,717","3,511","3,794","3,903","4,123","4,145","4,224","4,349","4,106","3,771","3,650","3,490","3,519","3,765","4,095","4,166","4,639","5,403","5,765","5,708","5,761","5,106","5,098","5,407","5,436","5,960","6,281","6,356","6,667","6,414","6,306","6,407","5,852","5,593","5,842","5,334","5,185","5,715","5,088","5,345","4,951","4,611","4,240","3,967","3,634","3,710","2,559","2,597","2,349","2,181","1,978","2,234","2,079","1,961","1,507","1,459","1,314","1,354","1,179","950","871","732","607","479","409","315","230","159","92","64","47","23","11","14","12","331,868","331,868","1,599","1,610","1,607","1,718","1,928","2,010","2,306","2,576","2,770","3,060","3,318","3,402","3,421","3,599","3,572","3,603","3,274","3,350","3,415","2,966","2,595","2,498","2,662","2,595","2,746","3,312","3,269","3,240","3,486","3,499","3,745","3,822","3,839","4,099","3,952","3,628","3,615","3,614","3,573","3,815","3,967","4,276","4,763","5,445","5,683","5,623","5,761","5,031","5,032","4,915","4,984","5,413","5,990","6,053","6,375","5,975","5,900","6,042","5,433","5,070","5,404","5,115","4,968","5,343","5,107","5,386","5,030","4,667","4,296","4,158","3,947","4,187","2,815","2,947","2,604","2,619","2,546","2,576","2,564","2,529","1,951","2,025","2,011","2,029","2,057","1,723","1,681","1,552","1,320","1,165","1,072","949","802","625","473","326","292","164","146","68","190"
